origen_id,columna,valor
humano_ventormenta,Voluntad,1
humano_ventormenta,Carisma,1
humano_ventormenta,Aprendizaje,1
humano_ventormenta,Diplomacia,1
humano_ventormenta,Espadas_de_una_mano,1
humano_ventormenta,Espadas_de_dos_manos,1
humano_ventormenta,Mazas_de_una_mano,1
humano_ventormenta,Mazas_de_dos_manos,1
humano_strom,Vigor,1
humano_strom,Carisma,1
humano_strom,Atletismo,1
humano_strom,Subsistencia,1
humano_strom,Alerta,1
humano_strom,Aprendizaje,1
humano_strom,Intimidacion,1
humano_strom,Espadas_de_una_mano,1
humano_strom,Espadas_de_dos_manos,1
humano_strom,Mazas_de_una_mano,1
humano_strom,Mazas_de_dos_manos,1
humano_strom,Vision_en_la_penumbra,1
humano_lordaeron,Destreza,1
humano_lordaeron,Carisma,1
humano_lordaeron,Aprendizaje,1
humano_lordaeron,Diplomacia,1
humano_lordaeron,Espadas_de_una_mano,1
humano_lordaeron,Espadas_de_dos_manos,1
humano_lordaeron,Mazas_de_una_mano,1
humano_lordaeron,Mazas_de_dos_manos,1
humano_dalaran,Inteligencia,1
humano_dalaran,Carisma,1
humano_dalaran,Energia,1
humano_dalaran,Aprendizaje,1
humano_dalaran,Taumaturgia,1
humano_dalaran,Bastones,1
humano_dalaran,Varitas,1
humano_dalaran,Vision_en_la_penumbra,1
humano_dalaran,Vision_en_la_oscuridad,1
humano_dalaran,Resistencia_arcana,1
humano_gilneas,Destreza,1
humano_gilneas,Carisma,1
humano_gilneas,Aprendizaje,1
humano_gilneas,Naturaleza,1
humano_gilneas,Espadas_de_una_mano,1
humano_gilneas,Espadas_de_dos_manos,1
humano_gilneas,Armas_de_fuego,1
humano_gilneas,Vision_en_la_penumbra,1
humano_gilneas,Vision_en_la_oscuridad,1
humano_kultiras,Vigor,1
humano_kultiras,Carisma,1
humano_kultiras,Aprendizaje,1
humano_kultiras,Naturaleza,1
humano_kultiras,Espadas_de_una_mano,1
humano_kultiras,Espadas_de_dos_manos,1
humano_kultiras,Resistencia_fisica,1
humano_alterac,Destreza,1
humano_alterac,Carisma,1
humano_alterac,Atletismo,1
humano_alterac,Subsistencia,1
humano_alterac,Subterfugio,1
humano_alterac,Espadas_de_una_mano,1
humano_alterac,Espadas_de_dos_manos,1
humano_alterac,Mazas_de_una_mano,1
humano_alterac,Mazas_de_dos_manos,1
humano_alterac,Vision_en_la_penumbra,1
enano_barbabronce,Vigor,1
enano_barbabronce,Aguante,1
enano_barbabronce,Alerta,1
enano_barbabronce,Hachas_de_una_mano,1
enano_barbabronce,Hachas_de_dos_manos,1
enano_barbabronce,Mazas_de_una_mano,1
enano_barbabronce,Armas_de_fuego,1
enano_barbabronce,Vision_en_la_penumbra,1
enano_barbabronce,Vision_en_la_oscuridad,1
enano_barbabronce,Resistencia_fisica,1
enano_martillo_salvaje,Vigor,1
enano_martillo_salvaje,Energia,1
enano_martillo_salvaje,Trato_con_animales,1
enano_martillo_salvaje,Naturaleza,1
enano_martillo_salvaje,Mazas_de_una_mano,1
enano_martillo_salvaje,Mazas_de_dos_manos,1
enano_martillo_salvaje,Armas_de_fuego,1
enano_martillo_salvaje,Vision_en_la_penumbra,1
enano_martillo_salvaje,Vision_en_la_oscuridad,1
enano_martillo_salvaje,Resistencia_fisica,1
enano_martillo_salvaje,Resistencia_al_frio,1
enano_hierro_negro,Vigor,1
enano_hierro_negro,Alerta,1
enano_hierro_negro,Mazas_de_una_mano,1
enano_hierro_negro,Mazas_de_dos_manos,1
enano_hierro_negro,Hachas_de_una_mano,1
enano_hierro_negro,Hachas_de_dos_manos,1
enano_hierro_negro,Vision_en_la_oscuridad,1
enano_hierro_negro,Resistencia_fisica,1
enano_hierro_negro,Resistencia_al_fuego,1
gnomo_gnomeregan,Destreza,1
gnomo_gnomeregan,Inteligencia,1
gnomo_gnomeregan,Percepcion,1
gnomo_gnomeregan,Energia,1
gnomo_gnomeregan,Atletismo,1
gnomo_gnomeregan,Aprendizaje,1
gnomo_gnomeregan,Armas_de_fuego,1
gnomo_gnomeregan,Esquivar,1
gnomo_gnomeregan,Vision_en_la_penumbra,1
gnomo_gnomeregan,Vision_en_la_oscuridad,1
gnomo_gnomeregan,Resistencia_arcana,1
gnomo_mecandria,Destreza,1
gnomo_mecandria,Inteligencia,1
gnomo_mecandria,Energia,1
gnomo_mecandria,Aprendizaje,1
gnomo_mecandria,Armas_de_fuego,1
gnomo_mecandria,Esquivar,1
gnomo_mecandria,Vision_en_la_penumbra,1
gnomo_mecandria,Vision_en_la_oscuridad,1
gnomo_mecandria,Resistencia_arcana,1
elfo_noche_darnassiano,Destreza,1
elfo_noche_darnassiano,Atletismo,1
elfo_noche_darnassiano,Subsistencia,1
elfo_noche_darnassiano,Acrobacias,1
elfo_noche_darnassiano,Trato_con_animales,1
elfo_noche_darnassiano,Esquivar,1
elfo_noche_darnassiano,Naturaleza,1
elfo_noche_darnassiano,Arcos,1
elfo_noche_darnassiano,Vision_en_la_oscuridad,1
elfo_noche_darnassiano,Vision_en_la_penumbra,1
elfo_noche_altonato,Destreza,1
elfo_noche_altonato,Inteligencia,1
elfo_noche_altonato,Carisma,1
elfo_noche_altonato,Aprendizaje,1
elfo_noche_altonato,Interpretacion,1
elfo_noche_altonato,Diplomacia,1
elfo_noche_altonato,Bastones,1
elfo_noche_altonato,Varitas,1
elfo_noche_altonato,Resistencia_arcana,1
elfo_noche_altonato,Vision_en_la_oscuridad,1
quel_dorei,Destreza,1
quel_dorei,Inteligencia,1
quel_dorei,Carisma,1
quel_dorei,Energia,1
quel_dorei,Aprendizaje,1
quel_dorei,Diplomacia,1
quel_dorei,Espadas_de_una_mano,1
quel_dorei,Bastones,1
quel_dorei,Resistencia_arcana,1
quel_dorei,Vision_en_la_penumbra,1
draenei_exiliado,Vigor,1
draenei_exiliado,Voluntad,1
draenei_exiliado,Aguante,1
draenei_exiliado,Diplomacia,1
draenei_exiliado,Fe,1
draenei_exiliado,Mazas_de_una_mano,1
draenei_exiliado,Mazas_de_dos_manos,1
draenei_exiliado,Armas_de_fuego,1
draenei_exiliado,Escudo,1
draenei_exiliado,Resistencia_arcana,1
draenei_exiliado,Vision_en_la_oscuridad,1
draenei_forjaluz,Vigor,1
draenei_forjaluz,Aguante,1
draenei_forjaluz,Alerta,1
draenei_forjaluz,Fe,1
draenei_forjaluz,Espadas_de_una_mano,1
draenei_forjaluz,Espadas_de_dos_manos,1
draenei_forjaluz,Mazas_de_una_mano,1
draenei_forjaluz,Mazas_de_dos_manos,1
draenei_forjaluz,Dominio_de_la_luz,1
draenei_forjaluz,Resistencia_fisica,1
draenei_forjaluz,Vision_en_la_oscuridad,1
manari,Vigor,1
manari,Carisma,-1
manari,Subterfugio,1
manari,Intimidacion,1
manari,Caos,1
manari,Espadas_de_una_mano,1
manari,Mazas_de_dos_manos,1
manari,Bastones,1
manari,Demonologia,1
manari,Piromancia_vil,1
manari,Magia_sangrienta,1
manari,Resistencia_al_fuego,1
manari,Vision_en_la_oscuridad,1
elfo_vacio,Voluntad,1
elfo_vacio,Acrobacias,1
elfo_vacio,Caos,1
elfo_vacio,Espadas_de_una_mano,1
elfo_vacio,Bastones,1
elfo_vacio,Dagas,1
elfo_vacio,Magia_de_la_sombra,1
elfo_vacio,Resistencia_a_la_sombra,1
elfo_vacio,Vision_en_la_oscuridad,1
orco_durotar,Vigor,1
orco_durotar,Aguante,1
orco_durotar,Energia,1
orco_durotar,Atletismo,1
orco_durotar,Subsistencia,1
orco_durotar,Alerta,1
orco_durotar,Intimidacion,1
orco_durotar,Parada_y_bloqueo,1
orco_durotar,Naturaleza,1
orco_durotar,Hachas_de_una_mano,1
orco_durotar,Hachas_de_dos_manos,1
orco_durotar,Vision_en_la_penumbra,1
orco_maghar,Vigor,1
orco_maghar,Aguante,1
orco_maghar,Energia,1
orco_maghar,Atletismo,1
orco_maghar,Subsistencia,1
orco_maghar,Trato_con_animales,1
orco_maghar,Intimidacion,1
orco_maghar,Parada_y_bloqueo,1
orco_maghar,Naturaleza,1
orco_maghar,Hachas_de_una_mano,1
orco_maghar,Hachas_de_dos_manos,1
orco_maghar,Vision_en_la_penumbra,1
trol_lanza_negra,Destreza,1
trol_lanza_negra,Percepcion,1
trol_lanza_negra,Atletismo,1
trol_lanza_negra,Acrobacias,1
trol_lanza_negra,Esquivar,1
trol_lanza_negra,Naturaleza,1
trol_lanza_negra,Armas_arrojadizas,1
trol_lanza_negra,Bastones,1
trol_lanza_negra,Resistencia_a_la_naturaleza,1
trol_lanza_negra,Vision_en_la_penumbra,1
trol_lanza_negra,Vision_en_la_oscuridad,1
trol_zandalari,Destreza,1
trol_zandalari,Voluntad,1
trol_zandalari,Carisma,1
trol_zandalari,Trato_con_animales,1
trol_zandalari,Parada_y_bloqueo,1
trol_zandalari,Naturaleza,1
trol_zandalari,Fe,1
trol_zandalari,Espiritualidad,1
trol_zandalari,Espadas_de_una_mano,1
trol_zandalari,Bastones,1
trol_zandalari,Armas_de_asta,1
trol_zandalari,Resistencia_a_la_naturaleza,1
trol_zandalari,Resistencia_a_la_sombra,1
trol_zandalari,Vision_en_la_penumbra,1
trol_farraki,Destreza,1
trol_farraki,Aguante,1
trol_farraki,Energia,1
trol_farraki,Atletismo,1
trol_farraki,Sigilo,1
trol_farraki,Subsistencia,1
trol_farraki,Esquivar,1
trol_farraki,Naturaleza,1
trol_farraki,Espadas_de_una_mano,1
trol_farraki,Armas_arrojadizas,1
trol_farraki,Dagas,1
trol_farraki,Resistencia_a_la_naturaleza,1
trol_farraki,Vision_en_la_penumbra,1
trol_gurubashi,Percepcion,1
trol_gurubashi,Aguante,1
trol_gurubashi,Atletismo,1
trol_gurubashi,Acrobacias,1
trol_gurubashi,Buscar,1
trol_gurubashi,Alerta,1
trol_gurubashi,Esquivar,1
trol_gurubashi,Naturaleza,1
trol_gurubashi,Mazas_de_una_mano,1
trol_gurubashi,Hachas_de_una_mano,1
trol_gurubashi,Bastones,1
trol_gurubashi,Armas_arrojadizas,1
trol_gurubashi,Resistencia_a_la_naturaleza,1
trol_gurubashi,Vision_en_la_penumbra,1
trol_amani,Vigor,1
trol_amani,Inteligencia,1
trol_amani,Percepcion,1
trol_amani,Acrobacias,1
trol_amani,Alerta,1
trol_amani,Naturaleza,1
trol_amani,Mazas_de_una_mano,1
trol_amani,Hachas_de_una_mano,1
trol_amani,Bastones,1
trol_amani,Armas_arrojadizas,1
trol_amani,Resistencia_a_la_naturaleza,1
trol_amani,Vision_en_la_penumbra,1
trol_drakkari,Vigor,1
trol_drakkari,Aguante,1
trol_drakkari,Subsistencia,1
trol_drakkari,Intimidacion,1
trol_drakkari,Naturaleza,1
trol_drakkari,Mazas_de_una_mano,1
trol_drakkari,Hachas_de_una_mano,1
trol_drakkari,Bastones,1
trol_drakkari,Armas_arrojadizas,1
trol_drakkari,Resistencia_a_la_naturaleza,1
trol_drakkari,Resistencia_al_frio,1
trol_drakkari,Vision_en_la_penumbra,1
tauren_mulgore,Vigor,1
tauren_mulgore,Aguante,1
tauren_mulgore,Subsistencia,1
tauren_mulgore,Trato_con_animales,1
tauren_mulgore,Diplomacia,1
tauren_mulgore,Naturaleza,1
tauren_mulgore,Espiritualidad,1
tauren_mulgore,Mazas_de_una_mano,1
tauren_mulgore,Armas_de_asta,1
tauren_mulgore,Resistencia_a_la_naturaleza,1
tauren_mulgore,Resistencia_a_la_sombra,1
tauren_mulgore,Vision_en_la_penumbra,1
tauren_monte_alto,Vigor,1
tauren_monte_alto,Aguante,1
tauren_monte_alto,Subsistencia,1
tauren_monte_alto,Trato_con_animales,1
tauren_monte_alto,Diplomacia,1
tauren_monte_alto,Naturaleza,1
tauren_monte_alto,Espiritualidad,1
tauren_monte_alto,Mazas_de_una_mano,1
tauren_monte_alto,Armas_de_asta,1
tauren_monte_alto,Resistencia_a_la_naturaleza,1
tauren_monte_alto,Resistencia_a_la_sombra,1
tauren_monte_alto,Vision_en_la_penumbra,1
no_muerto,Voluntad,1
no_muerto,Carisma,-1
no_muerto,Subsistencia,1
no_muerto,Alerta,1
no_muerto,Subterfugio,1
no_muerto,Intimidacion,1
no_muerto,Caos,1
no_muerto,Espadas_de_una_mano,1
no_muerto,Espadas_de_dos_manos,1
no_muerto,Dagas,1
no_muerto,Magia_de_la_sombra,1
no_muerto,Resistencia_a_la_sombra,1
no_muerto,Resistencia_a_lo_vil,1
no_muerto,Vision_en_la_oscuridad,1
no_muerto,Vision_en_la_penumbra,1
ogro,Vigor,3
ogro,Inteligencia,-1
ogro,Aguante,2
ogro,Mazas_de_dos_manos,2
ogro,Hachas_de_dos_manos,2
ogro,Sin_armas,1
ogro,Resistencia_fisica,2
goblin,Destreza,1
goblin,Inteligencia,1
goblin,Carisma,1
goblin,Sigilo,1
goblin,juego_de_manos,1
goblin,Acrobacias,1
goblin,Subterfugio,1
goblin,Diplomacia,1
goblin,Armas_de_fuego,1
goblin,Dagas,1
goblin,Resistencia_arcana,1
goblin,Resistencia_a_lo_vil,1
goblin,Vision_en_la_penumbra,1
elfo_sangre,Destreza,1
elfo_sangre,Inteligencia,1
elfo_sangre,Carisma,1
elfo_sangre,Energia,1
elfo_sangre,Caos,1
elfo_sangre,Fe,1
elfo_sangre,Taumaturgia,1
elfo_sangre,Espadas_de_una_mano,1
elfo_sangre,Bastones,1
elfo_sangre,Resistencia_arcana,1
elfo_sangre,Resistencia_a_la_sombra,1
elfo_sangre,Vision_en_la_oscuridad,1
nocheterna,Inteligencia,1
nocheterna,Carisma,1
nocheterna,Energia,1
nocheterna,Interpretacion,1
nocheterna,Diplomacia,1
nocheterna,Metamagia,1
nocheterna,Fe,1
nocheterna,Taumaturgia,1
nocheterna,Bastones,1
nocheterna,Varitas,1
nocheterna,Dagas,1
nocheterna,Armas_de_puno,1
nocheterna,Resistencia_arcana,1
nocheterna,Vision_en_la_oscuridad,1
pandaren,Vigor,1
pandaren,Destreza,1
pandaren,Carisma,1
pandaren,Energia,1
pandaren,Atletismo,1
pandaren,Acrobacias,1
pandaren,Diplomacia,1
pandaren,Chi,1
pandaren,Sin_armas,1
pandaren,Resistencia_a_la_naturaleza,1
pandaren,Vision_en_la_penumbra,1
vulpera,Destreza,1
vulpera,Percepcion,1
vulpera,Carisma,1
vulpera,Sigilo,1
vulpera,juego_de_manos,1
vulpera,Subsistencia,1
vulpera,Buscar,1
vulpera,Alerta,1
vulpera,Diplomacia,1
vulpera,Dagas,1
vulpera,Resistencia_a_la_sombra,1
vulpera,Vision_en_la_oscuridad,1
dracthyr,Destreza,1
dracthyr,Percepcion,1
dracthyr,Atletismo,1
dracthyr,Intimidacion,1
dracthyr,Evocacion_Rojo,1
dracthyr,Evocacion_Verde,1
dracthyr,Evocacion_Azul,1
dracthyr,Evocacion_Bronce,1
dracthyr,Evocacion_Negro,1
dracthyr,Resistencia_fisica,1
dracthyr,Vision_en_la_oscuridad,1
enano_terraneo,Vigor,1
enano_terraneo,Voluntad,1
enano_terraneo,Aguante,1
enano_terraneo,Diplomacia,1
enano_terraneo,Mazas_de_una_mano,1
enano_terraneo,Mazas_de_dos_manos,1
enano_terraneo,Hachas_de_una_mano,1
enano_terraneo,Hachas_de_dos_manos,1
enano_terraneo,Vision_en_la_penumbra,1
enano_terraneo,Vision_en_la_oscuridad,1
enano_terraneo,Resistencia_fisica,1
enano_terraneo,Resistencia_a_la_sombra,1