clase_id,columna,valor
guerrero,Vigor,1
guerrero,Destreza,1
guerrero,Aguante,1
guerrero,Atletismo,1
guerrero,Parada_y_bloqueo,1
guerrero,Espadas_de_una_mano,1
guerrero,Espadas_de_dos_manos,1
guerrero,Mazas_de_una_mano,1
guerrero,Mazas_de_dos_manos,1
guerrero,Hachas_de_una_mano,1
guerrero,Hachas_de_dos_manos,1
guerrero,Armas_de_asta,1
guerrero,Gujas_de_guerra,1
guerrero,Escudo,1
guerrero,Maestro_de_armas,1
guerrero,Furibundo,1
guerrero,Protector,1
guerrero,Resistencia_fisica,1
cazador,Destreza,1
cazador,Percepcion,1
cazador,Energia,1
cazador,Sigilo,1
cazador,Subsistencia,1
cazador,Buscar,1
cazador,Alerta,1
cazador,Trato_con_animales,1
cazador,Esquivar,1
cazador,Arcos,1
cazador,Armas_de_fuego,1
cazador,Ballestas,1
cazador,Armas_de_asta,1
cazador,Punteria,1
cazador,Supervivencia,1
cazador,Maestro_de_bestias,1
cazador,Resistencia_a_la_naturaleza,1
chaman,Inteligencia,1
chaman,Voluntad,1
chaman,Aguante,1
chaman,Diplomacia,1
chaman,Espiritualidad,1
chaman,Mazas_de_una_mano,1
chaman,Hachas_de_una_mano,1
chaman,Bastones,1
chaman,Armas_de_puno,1
chaman,Escudo,1
chaman,Magia_elemental_Agua,1
chaman,Magia_elemental_Fuego,1
chaman,Magia_elemental_Tierra,1
chaman,Magia_elemental_Aire,1
chaman,Resistencia_a_la_naturaleza,1
chaman,Resistencia_al_frio,1
mago,Inteligencia,1
mago,Carisma,1
mago,Energia,1
mago,Aprendizaje,1
mago,Diplomacia,1
mago,Metamagia,1
mago,Taumaturgia,1
mago,Bastones,1
mago,Varitas,1
mago,Arcanismo,1
mago,Piromancia,1
mago,Criomancia,1
mago,Resistencia_arcana,1
brujo,Inteligencia,1
brujo,Energia,1
brujo,Aprendizaje,1
brujo,Subterfugio,1
brujo,Intimidacion,1
brujo,Metamagia,1
brujo,Corrupcion,1
brujo,Bastones,1
brujo,Varitas,1
brujo,Dagas,1
brujo,Demonologia,1
brujo,Piromancia_vil,1
brujo,Magia_sangrienta,1
brujo,Magia_de_la_sombra,1
brujo,Resistencia_a_lo_vil,1
sacerdote,Inteligencia,1
sacerdote,Voluntad,1
sacerdote,Carisma,1
sacerdote,Energia,1
sacerdote,Aprendizaje,1
sacerdote,Interpretacion,1
sacerdote,Diplomacia,1
sacerdote,Metamagia,1
sacerdote,Fe,1
sacerdote,Mazas_de_una_mano,1
sacerdote,Bastones,1
sacerdote,Varitas,1
sacerdote,Dagas,1
sacerdote,Dominio_de_la_luz,1
sacerdote,Resistencia_sagrada,1
paladin,Vigor,1
paladin,Voluntad,1
paladin,Aguante,1
paladin,Atletismo,1
paladin,Diplomacia,1
paladin,Parada_y_bloqueo,1
paladin,Metamagia,1
paladin,Fe,1
paladin,Espadas_de_una_mano,1
paladin,Espadas_de_dos_manos,1
paladin,Mazas_de_una_mano,1
paladin,Mazas_de_dos_manos,1
paladin,Escudo,1
paladin,Protector_sagrado,1
paladin,Represion,1
paladin,Resistencia_sagrada,1
picaro,Destreza,1
picaro,Carisma,1
picaro,Energia,1
picaro,Atletismo,1
picaro,Sigilo,1
picaro,juego_de_manos,1
picaro,Subsistencia,1
picaro,Acrobacias,1
picaro,Buscar,1
picaro,Subterfugio,1
picaro,Intimidacion,1
picaro,Esquivar,1
picaro,Espadas_de_una_mano,1
picaro,Mazas_de_una_mano,1
picaro,Armas_arrojadizas,1
picaro,Dagas,1
picaro,Armas_de_puno,1
picaro,Asesinato,1
picaro,Sutileza,1
picaro,Forajido,1
druida,Inteligencia,1
druida,Aguante,1
druida,Energia,1
druida,Buscar,1
druida,Aprendizaje,1
druida,Trato_con_animales,1
druida,Parada_y_bloqueo,1
druida,Esquivar,1
druida,Naturaleza,1
druida,Mazas_de_una_mano,1
druida,Mazas_de_dos_manos,1
druida,Bastones,1
druida,Dagas,1
druida,Armas_de_asta,1
druida,Armas_de_puno,1
druida,Magia_druidica_Feral,1
druida,Magia_druidica_Equilibrio,1
druida,Magia_druidica_Vida,1
druida,Resistencia_a_la_naturaleza,1
caballero_muerte,Vigor,1
caballero_muerte,Destreza,1
caballero_muerte,Aguante,1
caballero_muerte,Atletismo,1
caballero_muerte,Intimidacion,1
caballero_muerte,Parada_y_bloqueo,1
caballero_muerte,Corrupcion,1
caballero_muerte,Espadas_de_una_mano,1
caballero_muerte,Espadas_de_dos_manos,1
caballero_muerte,Hachas_de_una_mano,1
caballero_muerte,Hachas_de_dos_manos,1
caballero_muerte,Caballero_sangriento,1
caballero_muerte,Caballero_de_hielo,1
caballero_muerte,Caballero_profano,1
caballero_muerte,Resistencia_a_la_sombra,1
caballero_muerte,Resistencia_al_frio,1
caballero_muerte,Resistencia_a_lo_vil,1
cazador_demonios,Vigor,1
cazador_demonios,Destreza,1
cazador_demonios,Voluntad,1
cazador_demonios,Energia,1
cazador_demonios,Sigilo,1
cazador_demonios,Subsistencia,1
cazador_demonios,Buscar,1
cazador_demonios,Subterfugio,1
cazador_demonios,Intimidacion,1
cazador_demonios,Parada_y_bloqueo,1
cazador_demonios,Espadas_de_una_mano,1
cazador_demonios,Armas_de_puno,1
cazador_demonios,Piromancia_vil,1
cazador_demonios,Magia_sangrienta,1
cazador_demonios,Resistencia_al_fuego,1
cazador_demonios,Resistencia_a_lo_vil,1
evocador,Destreza,1
evocador,Aguante,1
evocador,Energia,1
evocador,Atletismo,1
evocador,Aprendizaje,1
evocador,Parada_y_bloqueo,1
evocador,Metamagia,1
evocador,Espadas_de_una_mano,1
evocador,Bastones,1
evocador,Armas_de_asta,1
evocador,Evocacion_Rojo,1
evocador,Evocacion_Verde,1
evocador,Evocacion_Azul,1
evocador,Evocacion_Bronce,1
evocador,Evocacion_Negro,1
evocador,Resistencia_arcana,1
monje,Destreza,1
monje,Voluntad,1
monje,Energia,1
monje,Atletismo,1
monje,juego_de_manos,1
monje,Acrobacias,1
monje,Aprendizaje,1
monje,Diplomacia,1
monje,Espiritualidad,1
monje,Espadas_de_una_mano,1
monje,Bastones,1
monje,Armas_de_puno,1
monje,Sin_armas,1
monje,Chi,1
monje,Resistencia_sagrada,1