id,nombre,columna_bono
alquimia,Alquimia,Alquimia
sastreria,Sastrería,Sastreria
desuello,Desuello,Desuello
carpinteria,Carpintería,Carpinteria
herboristeria,Herboristería,Herboristeria
encantamiento,Encantamiento,Encantamiento
herreria,Herrería,Herreria
inscripcion,Inscripción,Inscripcion
ingenieria,Ingeniería,Ingenieria
joyeria,Joyería,Joyeria
lenador,Leñador,Leñador
mineria,Minería,Mineria
peleteria,Peletería,Peleteria
granjero,Granjero,Granjero
bardo,Bardo,Bardo
marinero,Marinero,Marinero
mercader,Mercader,Mercader
cazarrecompensas,Cazarrecompensas,Cazarrecompensas
criador_animales,Criador de animales,Criador_de_Animales