origen_id,descripcion
humano_ventormenta,+1 en dos profesiones seleccionadas | +1 en tiradas de subsistencia en situaciones de pérdida de control
humano_strom,+1 en dos profesiones seleccionadas
humano_lordaeron,+1 en dos profesiones seleccionadas
humano_dalaran,+1 en dos profesiones seleccionadas
humano_gilneas,+1 en dos profesiones seleccionadas | +1 extra en una de las profesiones ya seleccionadas
humano_kultiras,+1 en dos profesiones seleccionadas | Puñetazo fuerte: aturde y desplaza al objetivo hacia atrás hasta 3 metros.
humano_alterac,+1 en dos profesiones seleccionadas | Fiereza guerrera: durante los siguientes tres turnos ganas +2 en tiradas de ataque y daño.
enano_barbabronce,Forma de piedra: en el siguiente turno ignora todo el daño. | Búsqueda de tesoros: al usar esta habilidad el narrador debe facilitarle información acerca de tesoros cercanos y cómo encontrarlo. | Visión en la oscuridad
enano_martillo_salvaje,Compañero grifo: tienen un compañero grifo y la habilidad para montarlo. | Martillo de tormentas: puede arrojar su maza contra un enemigo y aturdirlo durante un turno, la maza regresa a la mano tras el impacto. | +1 en velocidad en zonas montañosas. | Visión en la penumbra
enano_hierro_negro,Sangrardiente: elimina los efectos dañinos y aumenta vigor, destreza y habilidades mágicas en 1 durante 2 turnos. | +1 en velocidad en cuevas e interiores | Visión en la oscuridad
gnomo_gnomeregan,+2 en destreza para librarse de trampas y ataduras. | Visión en la oscuridad
gnomo_mecandria,+2 en destreza para librarse de trampas y ataduras. | Hologramas: crea duplicados de luz sólida que mientras esté activo gana +5 en esquivar. | Mano de herramientas: seleccionar cuatro herramientas de mano para incorporar en su brazo. | Visión en la oscuridad
elfo_noche_darnassiano,Fusión con las sombras: +2 en sigilo en zonas de oscuridad o penumbra. | Visión en la oscuridad
elfo_noche_altonato,Visión en la oscuridad
quel_dorei,Arte noble: los objetos fabricados obtienen un nivel de calidad más. | Visión en la penumbra
draenei_exiliado,Ofrenda de los Naruu: gasta un punto de energía y lanza una sanación gratuita 1D6 y obtiene +1 en magia de luz durante dos turnos. | +2 en voluntad a sí mismo y +1 en voluntad a los aliados cercanos. | Visión en la oscuridad
draenei_forjaluz,Forja de luz: los objetos fabricados obtienen un encantamiento relacionado con la luz. | Expiación de la luz: al ser derrotado inflige daño a los enemigos y sana 1D4 a los aliados cercanos. | Matademonios: +3 de daño contra demonios. | Sentencia de la luz: inflige 1D10 de daño sagrado en área cilíndrica. | Visión en la oscuridad
manari,Autoridad demoníaca: puede dar órdenes a demonios de menor rango. | Visión en la oscuridad
elfo_vacio,Falla espacial: abre un portal a un máximo de 100 metros. | Abrazo entrópico: cada vez que usa una facultad tira 1D10 con dificultad 8; si supera obtiene +2 en daño y curación en el siguiente turno, y no podrá beneficiarse de esta habilidad en los 3 turnos posteriores. | Visión en la oscuridad
orco_durotar,Furia sanguinaria: +2 de vigor durante 3 turnos, gasta 1 punto de energía por turno activo.
orco_maghar,Invocar ancestros: tira 3D10 superando 4 para obtener uno de estos beneficios: +2 Vigor, +2 Destreza o +2 habilidades mágicas. Dos éxitos = dos beneficios, tres éxitos = todos. Una vez por día.
trol_lanza_negra,Regeneración: pasivamente regenera 1 p. de salud por turno. | Rabiar: una vez por combate puede realizar dos acciones ofensivas en el mismo turno durante tres rondas. | Bendición de Lukoa: aumenta la regeneración de salud fuera de combate.
trol_zandalari,Regeneración: pasivamente regenera 1 p. de salud por turno. | Regeneración Zandalari
trol_farraki,Regeneración: pasivamente regenera 1 p. de salud por turno.
trol_gurubashi,Regeneración: pasivamente regenera 1 p. de salud por turno.
trol_amani,Regeneración: pasivamente regenera 1 p. de salud por turno.
trol_drakkari,Regeneración: pasivamente regenera 1 p. de salud por turno.
tauren_mulgore,Pisotón de guerra.
tauren_monte_alto,Embestida astada.
no_muerto,La mitad de voluntad frente a embelesamientos o intentos de control mental. | No sufren penalizaciones de respiración. | Visión en la oscuridad
ogro,Penalización en tiradas de -2 en inteligencia. | Puño aturdidor: aturde al objetivo durante 2 turnos.
goblin,Tromba de cohetes. | +2 de diplomacia para obtener descuentos.
elfo_sangre,Torrente arcano: lanza un área que silencia a los enemigos durante un turno. | Visión en la oscuridad
nocheterna,Escudo de fuerza: crea un área arcana que hace 1D6 de daño y repele a los enemigos durante 1 turno. | Visión en la oscuridad
pandaren,Mullido: reduce daño contundente a la mitad. | +1 en habilidades físicas si está bien alimentado.
vulpera,Hurgar. | Bolsa de trucos. | Visión en la oscuridad
dracthyr,Planear: en mitad de una caída puede desplegar las alas para evitar el daño. | Flagelo de cola: golpe de cola que hace 1D6 a enemigos cercanos. | Rostro: capacidad de cambiar entre forma dracónica y humana. | Sacudida de alas: repele a los enemigos frente al Dracthyr 1D6 metros. | Visión en la oscuridad
enano_terraneo,Visión en la oscuridad | Visión en la penumbra